value,name,meaning
#,ALASER01Anim,animation ids of WAR model ALASER01 (its WAR type-0x86 table; names verified from the level files). Played by: Laser
0x0,ALASER01_ANIM_STAND4,WAR name STAND4
0x1,ALASER01_ANIM_STAND6,WAR name STAND6
0x2,ALASER01_ANIM_LEFT12,WAR name LEFT12
0x3,ALASER01_ANIM_LEFT14,WAR name LEFT14
0x4,ALASER01_ANIM_LEFT26,WAR name LEFT26
0x5,ALASER01_ANIM_MIDDLE1,WAR name MIDDLE1
0x6,ALASER01_ANIM_RIGHT12,WAR name RIGHT12
0x7,ALASER01_ANIM_RIGHT14,WAR name RIGHT14
0x8,ALASER01_ANIM_MIDDLE2,WAR name MIDDLE2
0x9,ALASER01_ANIM_RIGHT26,WAR name RIGHT26
